framework,model,quantization,gpu_type,num_gpus,context_len,concurrency,max_new_tokens,num_requests,successful_requests,failed_requests,ttft_mean_ms,ttft_p50_ms,ttft_p99_ms,tps_mean,tps_p50,tps_p99,total_output_tokens,total_time_s,vram_idle_gb,vram_load_gb,kv_cache_growth_gb,gpu_util_mean_after,runtime_stability,error_count,error_messages
tensorrt-llm,TinyLlama/TinyLlama-1.1B-Chat-v1.0,smoke-test,NVIDIA RTX 6000 Ada Generation,1,1024,1,64,8,8,0,13.001720217289403,8.99230083450675,9.975988883525133,320.1657709542843,332.58882663135125,334.0635831676096,280,0.8866766709834337,42.6318359375,42.7099609375,0.078125,97.0,pass,0,
tensorrt-llm,TinyLlama/TinyLlama-1.1B-Chat-v1.0,smoke-test,NVIDIA RTX 6000 Ada Generation,1,1024,2,64,8,8,0,11.471852223621681,9.892435395158827,16.148034017533064,313.39657977290926,315.0860565846948,315.44572997081264,483,0.8121440678369254,42.7099609375,42.7099609375,0.0,99.0,pass,0,
tensorrt-llm,TinyLlama/TinyLlama-1.1B-Chat-v1.0,smoke-test,NVIDIA RTX 6000 Ada Generation,1,1024,4,64,8,8,0,27.025390998460352,27.182613033801317,38.92884193919599,285.4122993130896,286.9901614212274,305.16418088835593,483,0.44956251000985503,42.7099609375,42.7099609375,0.0,34.0,pass,0,
